comments,brand_name
Not yet tried but as listened they have good quality than others.,AlkaramStudios
Cooperative Staff,AlkaramStudios
Nice one location and available parking staff behavior is great,AlkaramStudios
Nice Place for shopping.,AlkaramStudios
Nice branch of Al Karam,AlkaramStudios
Great stuff nice collection,AlkaramStudios
Good place for shopping,AlkaramStudios
Wonderful design and collection both stiched and unstiched stuff,AlkaramStudios
Nice tool to find anything...,AlkaramStudios
Good and not too expensive,AlkaramStudios
This is an official franchise and all types of stuff and new Volumes are available.,AlkaramStudios
Superb place to shoping of clothing,AlkaramStudios
Best seller,AlkaramStudios
Nice clothing,AlkaramStudios
"Clothe store. Fixed prices, brand store",AlkaramStudios
Quite Great,AlkaramStudios
Amazing,AlkaramStudios
Nice,AlkaramStudios
Retail Store,AlkaramStudios
Best,AlkaramStudios
A nice place to shop,AlkaramStudios
"Good store, clothes for all age groups but more variety for persons less than 30 yrs, central location",Breakout
Nice place but not upto mark,Breakout
A good place for Kids shopping,Breakout
Good service. Normal quality of brand.,Breakout
"Staff is friendly, a little bit expensive",Breakout
Easy shopping,Breakout
All articles were not available. Stock was limited,Breakout
Good experience,Breakout
Excellent,Breakout
Exellent shoping place for ready made garments,Breakout
Not bad,Breakout
Good quality,Breakout
Good garments,Breakout
best store in the town.,Breakout
Amazing staff. Amazing clothing.,Breakout
Good quality of shirts and garments and also economical than other brands.,Breakout
Good place for ladies and gents stitch cloths,Breakout
A great brand with reasonable price with good quality,Breakout
"I had visited the outlet a weak before sale, suppose if a shirt was of 1000 than is now @ 800 & sale tag claiming 30% off... Does that make some sense???",Breakout
Nice Place for shopping,Breakout
Not much variety of jeans,Breakout
Fevourite brand,Breakout
Do shopping and save,Breakout
Nice,Breakout
Good shop,Breakout
Good,Breakout
Good,Breakout
Good but prices are a little bit high.,Charcol
GreAt place of shopping,Charcol
Awesome brand.. Good Quality,Charcol
"Love to visit charcoal outlet
Quality is always according to expectation",Charcol
Very High prices. Just a shirt for PKR 3600.,Charcol
Shirt quility is v good,Charcol
Flat off these days,Charcol
Limited edition,Charcol
A great brand for formal suiting specially this branch's staff behavior is really awesome.,Charcol
Products are well but some expensive,Charcol
Less variety as compared to other Charcoal outlet but manageable. Fairly priced and cooperative staff.,Charcol
In bwp charcoal has outdated stock photography,Charcol
"Excellent quality of fabric, stitching and design, but the prices have almost doubled as compared to last year.",Charcol
gentle man place,Charcol
Recommended for men's wear,Charcol
Fabric Quality is good. Nice if u r looking for formal suiting,Charcol
It was good as there was 20%sale,Charcol
Good quality clothing,Charcol
Quality is good but prices are also higher,Charcol
Quality and good stuff,Charcol
Charcoal is very nice brand. I think little bit costly.,Charcol
they have good fabric garments.,Charcol
There is no any contact number.,Charcol
Outclass,Charcol
Costly but Nice brand,Charcol
Nice for colthes,Charcol
A device store,Charcol
Good but expensive clothes,Charcol
Rates are very high.,Charcol
Nice formal dresses,Charcol
Nice Fabric Charcoal,Charcol
Nice shop,Charcol
Nice place.,Charcol
Too expensive suits,Charcol
good one,Charcol
Good,Charcol
Men clothing,Charcol
good,Charcol
Good in quality,Charcol
Super,Charcol
Good quality,Charcol
Good variety,Charcol
Brand wears very costly and fine,Charcol
Great,Charcol
An average shop,Charcol
Clothing,Charcol
Excellent,Charcol
Good,ChenOne
This was amazing place.,ChenOne
Good Mall...,ChenOne
It was one of my fav malls when it was growing to it's maturity,ChenOne
I found it better than many other shopping malls in the city even today and since its inauguration,ChenOne
Very nice store,ChenOne
Very supportive staff. Satisfied with dealing with customer.,ChenOne
Good store for kids dresses,ChenOne
one of my favorite brand..,ChenOne
You can get clothing and home decor on discounted prices,ChenOne
I liked this brand,ChenOne
Quality of shopping and great addition in the city and first chain of business,ChenOne
Best local brand with International standards. expensive one,ChenOne
It is a nice shopping area with decent atmosphere. The quality of garments is out class,ChenOne
"good place to shop
staff is cooperative",ChenOne
Good place for window shopping.,ChenOne
Good shopping point.,ChenOne
Ideal for whenever i need to park my car while on the go!,ChenOne
Not much productive store in terms of variety as compared to other outlets,ChenOne
I love this shop .all branded available,ChenOne
Amazing collection and quality products. My favorites place to shop,ChenOne
Nice shopping place,ChenOne
Good place for Shoping,ChenOne
"Well known clothing, bedding and furniture outlet. If you have lot of money to waste, you can waist here bcoz all the products here are so good. Prices are too much high even on 50% discount it seems higher.",ChenOne
It's ok,ChenOne
Good product but much expansive,ChenOne
Nice place,ChenOne
Nice place for shopping,ChenOne
Unnecessarily expensive,ChenOne
Nice place for shopping,ChenOne
Expensive but better stuff,ChenOne
Good,ChenOne
Good one!,ChenOne
Good place to have some shopping,ChenOne
Good to visit,ChenOne
Quality items and reasonable prices.,ChenOne
Good,ChenOne
Nice great,ChenOne
Good shoping place but expensive,ChenOne
Yeah its cool shopping there,ChenOne
Product are reliable but prices are too much high,ChenOne
Nice place for shopping related to required babay and families shopping,ChenOne
they are nice but not infirming about online orders.,ChenOne
Competitive and elegant setup,ChenOne
not good experience,ChenOne
Nice place. On Chen One brand atoms are availables.,ChenOne
Chen one was the first brands outlet mall in sargodha.  And now it is a shopping centre with almost all major clothing and other essential shops.  Mini so jas opened it's outlet recently.  A good place!,ChenOne
Good,ChenOne
"I dont know why this shop exist, i haven't heard any good thing about it. Even they didn't have sweaters and jackets in winter. But technology there is impressive",ChenOne
Too much expensive as compared to products value,ChenOne
Satisfied,ChenOne
This is the best shopping mall in bwp.,ChenOne
Best place for family shopping.,ChenOne
Great,ChenOne
Chenone is one of the most expensive and good brand,ChenOne
Great experience,ChenOne
Nice place,ChenOne
Great place with variety of options,ChenOne
nice collection for men dressing,ChenOne
Really Loved it,ChenOne
Good place,ChenOne
all the things are found here,ChenOne
The mall is soo good,ChenOne
"Good stuff, designs and variety",ChenOne
A reasonably good store of Chen one in bahawal pur,ChenOne
Prices are quite high for outfits though stuff is also compromised.,ChenOne
Very nice place for cloths shopping,ChenOne
"One the worst brand as per quality of the products , had bought some stuff from it but after a month it got faded, and upon asking they told sir this was in black colour and as you know black got faded.",ChenOne
A good place to shop nice quality Clothes and fashion stuff,ChenOne
Complete store all vriety,ChenOne
This brand is going down day by day in term of business,ChenOne
Very cheap,ChenOne
Mens wearing got too many choices,ChenOne
Quality,ChenOne
Bridal thing avialable in less price,ChenOne
Located in MTA increases the grace of city,ChenOne
gentle man choice,ChenOne
Nice place,ChenOne
Good for shopping of clothes and apperall,ChenOne
A good place to shop.,ChenOne
Nice things on discounted rates,ChenOne
Fabric and quality is outstanding,ChenOne
Side py hy baki brands k sth hona chaheay,ChenOne
Great opportunity for shopping,ChenOne
this shop is wonderfull,ChenOne
Posh shopping mall in Bahawalpur,ChenOne
Excellent,ChenOne
Awesome,ChenOne
Price high but quality is awesome,ChenOne
Nice shopping Mall with affordable prices.,ChenOne
Very good.  Best,ChenOne
Good store for shopping. Many brands available,ChenOne
Good place and we'll maintained outlet,ChenOne
Brand shop with good quality stuff.,ChenOne
They no variety compared to the branches of lahore and multan,ChenOne
I will not recomend,ChenOne
Good place for shopping,ChenOne
Shopping mall and best food available here,ChenOne
i had a good experience with this outlet. The staff was cooperative.,ChenOne
It is a good shopping mall.,ChenOne
Standard but high prices as compared to stuff and design,ChenOne
Great place. Good variety,ChenOne
Its really bad quality there now.,ChenOne
being a regular customer i visited Chen one with family 2 days ago and it turned into a shame when the stupid and drunk security guard humiliated me with his horrible and threatening attitude over  parking issue that was't my fault at all.,ChenOne
Good place for Shopping ,ChenOne
Average clothes and over priced. Sometimes quality is very bad.,ChenOne
"Good outlets,comapring the multan chenone tower",ChenOne
Good stuff but costly,ChenOne
Excellent Products,ChenOne
Best but ..... during 50% off,ChenOne
"Came with my family & i was refused entrance, they said ladies only, they said just wait outside. :(",ChenOne
Nice place,ChenOne
"Expensive, cheaper and better stuff is available on Other brands.",ChenOne
Nice shopping place,ChenOne
Good in the sale time,ChenOne
Superb place,ChenOne
experience,ChenOne
Good,ChenOne
Bahawalpur good shopping mall,ChenOne
Buy anything what you need,ChenOne
I did shopping a lot from here,ChenOne
Nice shop,ChenOne
Good place for shopping,ChenOne
Shoping,ChenOne
Nice but expensive,ChenOne
Not enough variety.,ChenOne
Best for quality products,ChenOne
Nice place for shopping,ChenOne
Wonderful,ChenOne
Poor dealing,ChenOne
Awesome,ChenOne
"A place of shopping brands cloth, Shoes, cosmetic etc but not for middle standard people.",ChenOne
Good entry,ChenOne
Very much price,ChenOne
No new designs,ChenOne
Nice collection,ChenOne
High price clothing shopping store,ChenOne
Little bit expensive,ChenOne
Good addition in Bahawalpur,ChenOne
"I found nothing which I wanted to buy.
There was less range and prices weren't suitable.",ChenOne
Its ok,ChenOne
Not economical,ChenOne
high Shopping center,ChenOne
Under one roof  quality,ChenOne
Cheneone outlet Bahawalpur,ChenOne
Moderate store and expensive,ChenOne
low cost products are useless.,ChenOne
Good store,ChenOne
Classy place,ChenOne
Much Expensive,ChenOne
Loved it.,ChenOne
Good,ChenOne
Brand all types clothing under one roof,ChenOne
Gud fir level shopping,ChenOne
good clothing,ChenOne
love shopping,ChenOne
Nice,ChenOne
Chen one has reduced their quality,ChenOne
Cool,ChenOne
Nyc for shopping,ChenOne
Good,ChenOne
Level up place for shopping,ChenOne
Shoping mall,ChenOne
Only for brand lovers,ChenOne
High prices,ChenOne
Brand shop,ChenOne
great,ChenOne
Best prices,ChenOne
Good,ChenOne
Good but costly,ChenOne
Nice,ChenOne
Just ok,ChenOne
Good,ChenOne
Good,ChenOne
Expensive,ChenOne
Nice,ChenOne
Shopping clothing,ChenOne
All in one,ChenOne
"it,s a good clothing brand for families.",ChenOne
There used to be variety in things that are no longer there.cost is too much. please improve all these.,ChenOne
"
Chenone is expensive but it never compromised quality.Good Products.
But they place a sale in the end of season brought good things.",ChenOne
Rate is enough,ChenOne
It is best,ChenOne
"
Over priced AF, useless collection",ChenOne
Great,ChenOne
Superb .. !!,ChenOne
"Visited to buy a neck scarf but they didn't have it. Still the attended was courteous enough to guide me to find a nearby store.
Accessibility is an issue but hopefully the attendees can help the visitors",Diners
It is nice place for shopping,Diners
"Very good verity and excellent collection .
But very expressive",Diners
It is one of the best shopping store where affordable prices reacable,Diners
It was good to visit and enjoy all suiting at nominal price,Diners
Staff was very responsive and forthcoming. Experience was very good. Strongly recommended.,Diners
"A very nice store if the manager will be replaced because he have no clue of what customer service is.
He is very bad at temperament and ethics",Diners
"As good outlet as in big cities i.e Lahore Islamabad....
Staff need further trainings in my opinion...",Diners
"Diner store conatains very good stuff of clothes.
It also contains nice shoes.",Diners
Such A great Store in this Area,Diners
Best shirts and trousers available here.,Diners
good point,Diners
It's my first visit. It's looking a good place for shopping,Diners
Quality of stuff is just acceptable,Diners
"Nice place to visit,  quite a large verity for gents 2 piece & t-shirts.",Diners
It was good but the prices were high,Diners
I love this one,Diners
Three piece suit best place,Diners
Good for Clthing,Diners
Good bt costly products,Diners
Good quality and stuff,Diners
Best clothing brand,Diners
Nice clothes,Diners
Great,Diners
Good store for wears,Diners
Good stuff...,Diners
Because here all the wearables are available of good quality and in normal price .,Diners
cheap &  good stuff dtore,Diners
Good collection,Diners
Pretty cool,Diners
This is simply Store for shopping,Diners
Products are good but costly. Prices should be reduced!,Diners
Well known brand with awsum quality utfit.....,Diners
Limited stocks,Diners
"Just another Diner Clothing Store Franchise in Bahawalpur, one interested in quality clothing should visit this store! I recommend this!",Diners
Customer oriented but check your budget before entering. Nice clothing available,Diners
One of the best brand for gents suiting... but it is heavy on pocket.,Diners
Nice place,Diners
Nice but expensive clothes,Diners
They are one of leading clothing brands with entertaining variety,Diners
Multi variety store.,Diners
Cloths shoping is now easy,Diners
"A nice place for my taste, got what I was looking for- a simple jeans.",Diners
Nice,Diners
Limited stock availability,Diners
nice experience. thy have nice collection with high quality.,Diners
Loves to shop here always....,Diners
Nice staff behavior,Diners
Best collection full of range,Diners
Diner a famous brand dealing in garments all range. Located at chowk Fawara Bahawalpur,Diners
Nice place,Diners
Good variety of clothes available with easy to approach location at Farawa chowk bwp.,Diners
Beautyfull and low price,Diners
The brand which comfort you with excellent clothing abit experience.,Diners
Wide variety. During sale prices are reasonable,Diners
Visited for Party wear but a very low collection.,Diners
I always shop from there,Diners
Best quality but high rates,Diners
"Very small collection of shoes, clothing is good.",Diners
Excellent customer service and almost all sort of clothing available,Diners
Because I get nice variety here,Diners
Fine place with wide range and fine fabric,Diners
Good place to shop men's cloths,Diners
Good products on one floor.,Diners
Super store,Diners
"Good stuff and variety of choices availble under one roof.
Qualty is good and also economialcal.",Diners
Very good store for men dressing near fwara chock,Diners
Dinrs is absolutely world class fabric is sort and graceful,Diners
Much expensive poor quality so disappointed,Diners
Nice but costly brand shop,Diners
Good garments collection,Diners
Good clothes stuff available here,Diners
Good quality fabric at reasonable price,Diners
Excellent quality with good number of variety...,Diners
Best place for garments shopping,Diners
Good place fo garments,Diners
Nice experience win diners clothing,Diners
Not enough stuff but service is best.,Diners
They have all the variety for all ages,Diners
Quality of diner's are good,Diners
Verry high Price here,Diners
Nice,Diners
I didn't like,Diners
Good suits but pricey.,Diners
"Good shop BUT be careful when u go to change or return ,their they behaviour is very irritating.",Diners
Best place for Shopping in BWP,Diners
Good shop to purchase,Diners
Good,Diners
New articles  not available,Diners
"Costly as well as Counter guy is very rude. if you ask for some discount, he will be like you have asked for his kidney lol :p",Diners
Costly but Nice brand,Diners
Average designs,Diners
Kids brand,Diners
Just amazing great,Diners
Good quality products.,Diners
A good place for clothing.,Diners
Nice place for good choice,Diners
New collection,Diners
I love it,Diners
Nice place but things are little bit expensive,Diners
Good but expencvie,Diners
Good stuff.,Diners
Excellent blazers,Diners
Good place,Diners
Good outlet,Diners
Suiting is superb,Diners
Nice,Diners
It's ok,Diners
Good for shopping,Diners
Great shopping center,Diners
excellent stuff,Diners
Top brand,Diners
Good place,Diners
A super store,Diners
Expensive clothing,Diners
Expensive but good.,Diners
Great,Diners
Nice clothing,Diners
Not so Good,Diners
A very costly place for shoping,Diners
Limited variety,Diners
good but expensive store,Diners
good expensive place,Diners
Cooporative Employees,Diners
Good,Diners
Recommend,Diners
Good people,Diners
Fine,Diners
Nice store,Diners
Nice collection,Diners
EXPENSIVE !!!!!!,Diners
FLOP,Diners
Brand!,Diners
Nice place for shopping,Diners
Good one,Diners
Nice,Diners
Cloth market,Diners
Here you can buy standard garments.,Diners
High prices,Diners
Just a brand name,Diners
Decent collection,Diners
Awesome,Diners
Very good,Diners
Nice brand,Diners
Good store,Diners
Great experience,Diners
Nice,Diners
Nice,Diners
Quality is just average,Diners
Good place,Diners
Brand store,Diners
Best services,Diners
Nice mall...,Diners
Costly,Diners
Average,Diners
Expensive,Diners
Good,Diners
Expensive,Diners
Luxury,Diners
It's expensive,Diners
Good,Diners
Value chain,Diners
Full of variety.,Diners
Great size,Diners
Nice shop,Diners
Not impressive,Diners
Nice store,Diners
Branded garments.,Diners
Superb,Diners
Expensive must buy in sale decent suiting,Diners
Good shop,Diners
Average stuff on high price,Diners
Good Place,Diners
Brand but it requires money,Diners
V nice,Diners
Wow,Diners
Nice place for shopping. Reasonable rate with good variety,Edenrobe
Quality vise best place,Edenrobe
"They have amazing clothes with AMAZING quality, especially women clothing. The prints and the material is very good. But the clothes are on the expensive side, not very budget friendly.",Edenrobe
"A good brand for clothing in Bahawalpur. I really recommend you to buy winter clothes from here because winter collection of ACE is wonderful and the clothes are well refined, stitched. Again, I recommend to visit this place for buying winter clothes.
Appreciated!",Edenrobe
Good,Edenrobe
Shop was good but they have very low articles.,Edenrobe
Awesome place for shopping. Good quality fabric available.,Edenrobe
Few of my items are only brought from this very place.... No matter where I live ... I manage to purchase from here,Edenrobe
Beautidul dresses. Wesome stuff. But high in prices,Edenrobe
Well maintaimed place.. you can get good wearing options there..,Edenrobe
"Expensive, visited with their good marketing but rarely bought anything.",Edenrobe
Good price and good stuff of garments and clothes,Edenrobe
Great store to shop daily base shopping,Edenrobe
Nice place for shopping,Edenrobe
The shopping mall is located in the heart of city and garments are of excellent quality.,Edenrobe
Good place for family season cloth shoping,Edenrobe
Good place for shoping,Edenrobe
"Eden robe is one of the most popular and unique brand all over pakistan. There products are quite costly but the product is too good to wear, i love this brand for my one personal use. My experience with this product is very good, i feel really happy because the products have all the qualities among the other brands.",Edenrobe
Good place for shopping,Edenrobe
Good place  expensive as well. If you are going for kids shoes then itsnotthe right place.,Edenrobe
Goos shoping place in bahawalpur,Edenrobe
Reasonable price and good staff,Edenrobe
Everything is right and fine.,Edenrobe
Quality of the product and first shopping place in Bahawalpur,Edenrobe
I liked this brand,Edenrobe
Good place for shopping,Edenrobe
Best place to buy shirts and Kurtas,Edenrobe
Good place for shopping,Edenrobe
I like it and purchase 3 casual shirts,Edenrobe
One of the best clothing store in bahawalpur,Edenrobe
Good shipping point.,Edenrobe
Staff behaviour need to improve,Edenrobe
Nice collection store,Edenrobe
Edenrobe was pretty good,Edenrobe
Shopped some necessary items,Edenrobe
Best place for garments shopping,Edenrobe
Excellent Service and find best product in good price,Edenrobe
"You can find good beautiful stylish clothes here for kids and women, not good for men. Prices are too too much high. Ok on 50%.",Edenrobe
Some one costly nice place,Edenrobe
Very Beautiful Shopping Center,Edenrobe
It's ok,Edenrobe
Good Choice,Edenrobe
"Had a great experience. Highly cooperative staff.
Excellent quality.",Edenrobe
Good place to buy pants shirts & shalwar qameez,Edenrobe
Nice place for shopping,Edenrobe
Nice place,Edenrobe
Very good,Edenrobe
Good,Edenrobe
Qaisar sb edenrob prince,Edenrobe
Outstanding quality,Edenrobe
Expensive,Edenrobe
Shoping place garments etc,Edenrobe
Male kurtas variety is eexcellent,Edenrobe
Nice shop with different clothes categories.,Edenrobe
I m loving it. Good place for shopping,Edenrobe
"It is present inside ACE shopping mall ,Eden robe is one of the pioneers of branded clothing in bahawalpur and now it has attained a fame as now they have complete range of cultural and western styled clothes ,it provides best fabric with large range of variety and is popular among the residents of town",Edenrobe
Nice shopping mall for clothes and everything,Edenrobe
"Good quality jersies, upper and everything you want for men women and kids",Edenrobe
Good and quality stuff at medium price range....,Edenrobe
Very nice mall in bahawalpur,Edenrobe
"Everything in Edenrobe was superb.
Quality is also very good",Edenrobe
Funtastic place to do shopping having all items related child and women and man shopping,Edenrobe
Outstanding quality,Edenrobe
Expensive,Edenrobe
Male kurtas variety is eexcellent,Edenrobe
Nice shop with different clothes categories.,Edenrobe
I m loving it. Good place for shopping,Edenrobe
Nice shopping mall for clothes and everything,Edenrobe
"Good quality jersies, upper and everything you want for men women and kids",Edenrobe
Good and quality stuff at medium price range....,Edenrobe
Very nice mall in bahawalpur,Edenrobe
"Everything in Edenrobe was superb.
Quality is also very good",Edenrobe
Funtastic place to do shopping having all items related child and women and man shopping,Edenrobe
One of the best shopping area of city,Edenrobe
Such a good shoping mall with reasonable price. 5 star rating,Edenrobe
Nice place,Edenrobe
Best place for shopping ,Edenrobe
"I like their  shalwar suit, good clothing stuff with nice stitching",Edenrobe
"Excellent quality of stuff,designing n specialy tailoring",Edenrobe
local products in a plaza,Edenrobe
Good for clothes and for women there is a whole bunch of makeup selection area,Edenrobe
Lovely place for shoping,Edenrobe
They always have Wrost collection every season so dont go there.,Edenrobe
Good,Edenrobe
Good for apparels and stitched suiting variety both for ethnic n suiting lovers,Edenrobe
good quality products,Edenrobe
Good choice for shoping,Edenrobe
Nice place to shop brands,Edenrobe
Decent shopping complex.,Edenrobe
Awesome staff and clothes. Class of legacy,Edenrobe
Great place for shopping fashion garments for all seasons,Edenrobe
Best place for wedding shopping,Edenrobe
Avg,Edenrobe
Good varieties of all types of clothes.,Edenrobe
Best Shopping Mall in bahawalpur,Edenrobe
It was a wonderful place for shopping,Edenrobe
Beautiful place,Edenrobe
Good stuff but expensive,Edenrobe
Good departmental store,Edenrobe
Good place for shopping,Edenrobe
So much pricy. Should visit bissino or J.,Edenrobe
Nice place for shopping,Edenrobe
GOOD PLACE,Edenrobe
Love to visit again,Edenrobe
I have always loved shopping here,Edenrobe
Best pace for shopping,Edenrobe
Price high but quality is good,Edenrobe
Good shopping mall,Edenrobe
Good place for shopping,Edenrobe
"Fabric is absolutelyl soft and  graceful
Thank",Edenrobe
Clothing western and traditional,Edenrobe
Good to shop garments for whole family,Edenrobe
Good varieties of Ace are present here.,Edenrobe
Nice but expensive,Edenrobe
"It was not outstanding, but good",Edenrobe
Nice,Edenrobe
Costly,Edenrobe
Bad experience,Edenrobe
Cool place,Edenrobe
Amazing mall,Edenrobe
Nice cloth quality,Edenrobe
Good,Edenrobe
Awesome,Edenrobe
Bit expensive though,Edenrobe
Good mall,Edenrobe
It's okay,Edenrobe
Good quality product,Edenrobe
Nice,Edenrobe
Nice stuff and variety,Edenrobe
Nice brand,Edenrobe
Best for price and quality,Edenrobe
Good brand quality stuff,Edenrobe
Good,Edenrobe
Good but expensive,Edenrobe
Located inside ACE Bahawalpur a little bit expensive,Edenrobe
It's mostly off 30 to 50 %,Edenrobe
Best for shopping,Edenrobe
It was ok.,Edenrobe
Best clothes.,Edenrobe
Nice place,Edenrobe
Good  for  shopping,Edenrobe
Too costly..,Edenrobe
Good environment,Edenrobe
Good one,Edenrobe
Nice sooting but costly,Edenrobe
Nice place,Edenrobe
Awesome Quality,Edenrobe
shopping was good,Edenrobe
Everthing is available on ace,Edenrobe
Good to buy in winter,Edenrobe
Excellent variety of clothes for all ages,Edenrobe
nice place for shoping,Edenrobe
Moderate,Edenrobe
Excellent !,Edenrobe
Best place for shoping,Edenrobe
Excellent,Edenrobe
Good,Edenrobe
Good stuff compared to price,Edenrobe
Nice dressing variety,Edenrobe
Good shopping place,Edenrobe
Worth shopping place,Edenrobe
its good,Edenrobe
Good shoping place,Edenrobe
Good collection,Edenrobe
Good place to shop,Edenrobe
Good place,Edenrobe
Good Experience,Edenrobe
Quality,Edenrobe
Good,Edenrobe
Nice,Edenrobe
Love to shop,Edenrobe
For Brand lovers,Edenrobe
All in one,Edenrobe
For quality shopping,Edenrobe
Reasonable price fabulous variety,Edenrobe
Ace Good&wonderfull,Edenrobe
Wow shop,Edenrobe
Fit dresses,Edenrobe
Good,Edenrobe
Good,Edenrobe
Expensive,Edenrobe
Good,Edenrobe
Average type,Edenrobe
Brands,Edenrobe
Good,Edenrobe
Brand store,Edenrobe
god,Edenrobe
Good place,Edenrobe
good,Edenrobe
Below Satisfaction,Edenrobe
Hit!!!,Edenrobe
Ok,Edenrobe
Good,Edenrobe
Good,Edenrobe
Worst customer service ever,Edenrobe
Nice place.,Edenrobe
Good,Edenrobe
fine,Edenrobe
Good stuff,Edenrobe
Medium type of dressing and other articles.,Edenrobe
expensive..but quality,Edenrobe
Nice store,Edenrobe
Normal quality with too much prices.,Edenrobe
Good,Edenrobe
Finely stitched,Edenrobe
Best place for clothing but expensive,Edenrobe
Nice place for shopping,Edenrobe
Variety of cloths of Men's and Kids.,Edenrobe
Very good,Edenrobe
"Clothing store
Decent collection",Edenrobe
Nice Shoping Mall,Edenrobe
Decent collection,Edenrobe
Style,Edenrobe
Garments good option,Edenrobe
Fine,Edenrobe
Everything at one place,Edenrobe
Not good stuff for XXL,Edenrobe
Everything's available,Edenrobe
Quality variety of cloths,Edenrobe
Nice shoping center,Edenrobe
Ok type place. With little variety and high prices,Edenrobe
Lovely awesome,Edenrobe
Good,Edenrobe
Best,Edenrobe
Too costly except few items,Edenrobe
having all seasons stuff and very costly shopping mall in the town.quality service.,Edenrobe
good,Edenrobe
"it,s a one of best clothing brand for office suits.",Edenrobe
A shop with good quality and price,engine
"Good shop for kids, youth and middle aged generation... Staff and Manager are very helpful",engine
"I bought a winter shirt with quality stuff, prices r reasonable, dealing is very well but articles are limited overall gud experience.",engine
Good service,engine
I love that paints.,engine
Good place for shopping,engine
Rates are reasonable,engine
â¤,engine
good as dealing well,engine
Its ok,engine
Good,engine
Lack of articals but overall a gud experience there,engine
Discounted rates with limited stock.,engine
Good one staff Is very Good,engine
Affordable brand and good quality garments,engine
Good place fir shopping,engine
Always a great experience,engine
Their sales are good.,engine
"Awsome designes.
Their sale strategy is better than others.
Staff is cooperative and designes are not repeated in next season. Sizes and fabric are perfect.",engine
Just ok,engine
Nice,engine
Awesome Clothes,engine
Good quality stuff,engine
Nice,engine
Worth to visit,engine
Awesome,engine
Good,engine
Not a good cloths for choice.,engine
Great,engine
Normal standard,engine
The service was nice and the workers were pleasant,FactoryPrice
Good place for shopping ... good products with medium range price,FactoryPrice
Nice place for purchas the shirts trozers shorts in economy price,FactoryPrice
quality is good..,FactoryPrice
The clothes quality is good.,FactoryPrice
Best in town,FactoryPrice
"Fantastic shopping mall is here
I realized that after my yesterday busy
Staff is very friendly and honest",FactoryPrice
Sky touching prices. No place for try. No washroom. Product on sale was of low quality. Never recommend.,FactoryPrice
Good ,FactoryPrice
Nice and cheap in some case,FactoryPrice
Substandard garments and high price tags.,FactoryPrice
Garments are in Variety.,FactoryPrice
Extremely expensive!!,FactoryPrice
Nice shopping place,FactoryPrice
Ready to wear clothes,FactoryPrice
This is Best,FactoryPrice
Factory price shop,FactoryPrice
Very good location....almost all brands within 100 meter range...staff is friendly...sometimes lacks latest articles...,Ideas
Good but quality of fabric is on lower side,Ideas
Ideas fan,Ideas
Variety of sritch and unstitch expensive clothes,Ideas
I like this brand gull ahmad,Ideas
Nice,Ideas
Nice place to shop,Ideas
Expensive but top quality products,Ideas
It's low in quality as compare to prices,Ideas
Customer dealing is very bad now,Ideas
Good,Ideas
A place for brand conscious people,Ideas
Nice,Ideas
Nice,Ideas
Best,Ideas
Fantastic,Ideas
Clothing shop,Ideas
Fine,Ideas
Nice place,Ideas
Staff was rude when we were asking size.Rates were not affordable.,Ideas
Great experience. Amazing products at reasonable sale price.,jdot
Very well maintained outlet.,jdot
A very good collection for male and female. Must visit for Eid shopping,jdot
It's always good for me to visit Junaid jamshed. Thank you J.,jdot
"Very nice store having all kinds of clothes from baby to baba , ladies and gents collection.",jdot
Have good experience but not much stuff.They have limited stock.,jdot
"Beautiful looking but too expensive
Products are brand no doubt
I love it",jdot
Best perfumes. Matchless fragrances,jdot
Good place for perfume lover and  standard cosmetic  overall nice,jdot
Best in terms of clothing.,jdot
"One of staff person was very rude, he snatched away clothes from me, pathetic customer service.",jdot
"Overpriced, expensive and rates are high without any reason.
Brands in neighborhood are much more economical and better in both quality and prints.",jdot
Nice staff  nice stuff can purchase every type of gents and ladies staff,jdot
Flat 40% sale going on.. It's good,jdot
"Hmmm Good
But costly",jdot
Better but expansive,jdot
Everything is fine.Need improvement in management,jdot
Buy only during sales :) otherwise you will regret it when sale comes.,jdot
very lazy staff.  very pushy,jdot
Good Place to shop especially in Sales,jdot
"Beautiful    dresses but
Sale  should be   available  every  month",jdot
Friendly and cooperative staff with latest articles avaialable every season,jdot
"Amazing collection center,  i will come back soon ",jdot
Love this place,jdot
Good environment and strict adherence to the SOPs.,jdot
awesome branch,jdot
Never found good quality. 90's stuff suits.,jdot
Unique and good quality stuff 9/10,jdot
Please remove contact num if u donâ€™t have any time to pick the call,jdot
This place is really amazing regarding the clothes. Style is their trademark and ofcource quality. I love their fragrances also.,jdot
"Good pakistani clothing. Casual, formal and wedding. Perfumes are excellent.
Upper floor ladies section can get uncomfortably hot in summer ( AC usually turned off).",jdot
Nice clothes,jdot
good and simple dresses and fine quality,jdot
Nothing more to say,jdot
Nice for cultural wears but size issue is always there problem,jdot
A variety of stitched and un-stitched dresses here for gents and ladies. Price is also reasonable. Staff is very cooperative. Some items are very special but cost is high. Perfumes are also very nice.,jdot
ðŸ˜•ðŸ˜•ðŸ˜•I am constantly trying to contact you but I am not getting any response. Kindly contact me i have a problem and i have very little time ðŸ˜“ðŸ˜“ðŸ˜“ðŸ˜“ðŸ˜“,jdot
Best place.....mazaay if u catch a sale of 50percent. Winter cloths are outstanding,jdot
A brand store. Wider space and car parking. Staff is friendly and humble.,jdot
Best Designed Qurta and Clothes for Men And Women,jdot
Nice place,jdot
Liked,jdot
Nice place for shopping,jdot
Excellent service and stuff,jdot
It's a good place to visit and shop stitch and unstitch clothes,jdot
Their style and clothing is very colorful and ethnic. Staff is very energetic and helpful. They allow you to shop with piece  of mind with no necessary interruption.,jdot
Superb mind-blowing behavior with customers..,jdot
Good for shoping,jdot
Nice place for shopping ladies and gents' suits ..  somewhat costly but very good in quality and designs... Costumer care is also good...,jdot
Good quality and also good verity in clothes but price in some clothes are very high,jdot
Design,jdot
Welcoming staff N beautiful jewellery,jdot
Not visit,jdot
"Good staff, good clothes for both men and women , makeup,  perfumes  and good management .",jdot
Amazing clothes,jdot
I like their clothes.,jdot
"Nice collection for men, women and children. Perfumes are also good",jdot
"Good place for fabric,  stuff is also very good , but cozy",jdot
Nice place,jdot
All things available like garment good stuff especially krta,jdot
Good clothing,jdot
Big outlet of J.,jdot
It was good but needs improvement,jdot
Wonderful experience of shopping at J.. Alhumdulillah,jdot
All the stuff and staff is good but when I talk about the fragrances I love this place.,jdot
Excelent clothing brand for both male n female. Also have Fragrances with beautifull taste. Groom collection is very beautifull n affordable. V.helpful staff.must visit n enjoy.,jdot
"Good brand in many cities of pakistan
Good fabric, essential for men and women...",jdot
Its nice dress shop their experties are in shalwar kameez...kurta,jdot
Good verity nice place for shopping.,jdot
New ladies fashion,jdot
I like junaid jamshed clothes,jdot
Great.,jdot
Nice place like their products,jdot
Only one in city,jdot
Good place for shopping,jdot
Great,jdot
Good place for men and women clothing,jdot
Best cultural representative of Pakistani dresses,jdot
"Staff was helpful, altogether a pleasant experience",jdot
Nice,jdot
Nice dresses.,jdot
V nice collection of perfumes. Specially zarrar. Kurta collection is good. Unstiched suits are also present. Special colors which are difficult to find on other places like grace can be found here.,jdot
A good place to buy good pakistani clothes for whole family,jdot
It was good but lacks variety.,jdot
Very nice place to shop,jdot
Good stuff with nice quality.,jdot
Good place,jdot
Classic trendy clothes and shoes with fragrance,jdot
Junaid jamshed is a great shopping center,jdot
Good Place for indeginous clothes,jdot
The shop was closed but no mention,jdot
Love this shop,jdot
This beautiful j. Outlet,jdot
Average men kurtas yet very high prices. Just cashing the brand name!!,jdot
That was awesome please...,jdot
Nice place to buy dresses,jdot
J. Very costly,jdot
I don't like the Quality,jdot
Prices are high,jdot
Good place with reasonable prices,jdot
Good for emergency clothing,jdot
Sale upto 50 % going on,jdot
Very nice collection...,jdot
Variety is limited,jdot
Good place for buying clothes,jdot
Atmosphere was awesome,jdot
staff behavior good,jdot
Nice.,jdot
Nice collection,jdot
Endless variety under one roof,jdot
Can't find good clothes here now a days,jdot
Perfect design with affordable prices,jdot
Nice designs at J.,jdot
Clothing brand j.,jdot
Good place for Eastern wear,jdot
Outstanding shopping center,jdot
New arrivals,jdot
Awesome,jdot
Prices are very high.,jdot
Stunning,jdot
Extremely slow service,jdot
Wow,jdot
Good,jdot
beat one,jdot
family shoping place,jdot
Nice,jdot
Not experienced staff,jdot
Awesome,jdot
Good clothes,jdot
Loved it,jdot
Good,jdot
Boteeq at Railway Road opposite Panda Hotel,jdot
Good fabric,jdot
Perfumes + Clothing Store,jdot
Brand store.,jdot
Good collection,jdot
Good,jdot
Extra high rates,jdot
Excellent,jdot
Nice place,jdot
Traditional and religious clothing,jdot
Very good,jdot
Its too good,jdot
Good stuff,jdot
Awesome,jdot
Expensive,jdot
Limited quality,jdot
Reminds you of Junaid Jamshed,jdot
Level,jdot
Excellent,jdot
Good,jdot
Excellent,jdot
Nice.,jdot
Non cooperative staff,jdot
Good outlet,jdot
Not bad,jdot
Nice shop,jdot
Nice place,jdot
Love this,jdot
Best tailor in Bahawalpur,JeanJunction
One of the Best place in Town for Suiting.,JeanJunction
Best tailor in Bahawalpur,JeanJunction
Best Tailor,JeanJunction
Good,JeanJunction
My teler,JeanJunction
One of the best Tailor Shop in BWP,JeanJunction
"Quality tailored for two piece, three pieces and dress stitching",JeanJunction
Good cloth and tailor stores,JeanJunction
Very nice Tailor..,JeanJunction
Good tailoring shop,JeanJunction
One of good tailors,JeanJunction
Good,JeanJunction
fine tailor but a bit expensive,JeanJunction
Fashion,JeanJunction
Expensive,JeanJunction
Khaadi is best to buy women dressed. There stuff is best & their collection is always awesome.,Khaddi
Ladies Fashion Brand With Everything,Khaddi
Khaadi... Long ago we visited but fabric of khaad is good.,Khaddi
"A typical Khaadi Store but sells only women clothing. Men and home section are missing from this branch, good stuff available but keep an eye on sale days",Khaddi
It's a very good clothes brand in bahawalpur,Khaddi
"Always good experience, but a bit costly",Khaddi
Nice place to buy women clothes,Khaddi
That's was awesome ,Khaddi
The best outfits ever,Khaddi
It is very top class Clothing brand of the country. It is very big store and popular among women. It has all varieties of clothes for woman. It offers summer collection and wide range of varieties. It is on main location and attractive â€¦,Khaddi
Parking is a big issue here,Khaddi
Nice place for shopping,Khaddi
Khaadi is always Best. I love Khaadi.,Khaddi
Shopping place but expansive,Khaddi
Limited designs and limited colours were present.,Khaddi
Good place,Khaddi
Good,Khaddi
Place where you can find stiched and instiched dresses. There is winter clearance sale,Khaddi
A very good quality cloth shop for women,Khaddi
I have a good experience .Everything is nice.,Khaddi
Love it,Khaddi
"Khaadi is brand very person can't afford it , very comfortable and costly.",Khaddi
A very best place of clothing.,Khaddi
Official store of khadi in bhawalpur. This is best place.,Khaddi
Good,Khaddi
A nice place I like to there,Khaddi
"Nice designer store, purchased gifts for family members.",Khaddi
Clothes brand,Khaddi
Best,Khaddi
Branded and awsome kpra,Khaddi
Very nice collection of dresses available there...The staff is very polite and guide properly,Khaddi
Nice place for shopping stich and unstich clothes with reasonable price,Khaddi
mother day sale was good..and a nice range of clothes..,Khaddi
"Awesome,",Khaddi
Good brand.. but they are repeating their colour scheme and designs which does not give us impressive look,Khaddi
Best ever clothing for both male nd female special,Khaddi
Like to visit this place,Khaddi
Variety of clothes,Khaddi
Just a hack scheme to lure stupids into so called sales and looting hard earned money of good innocent and ignorant people,Khaddi
Unprofessional staff with no skills how to make sale,Khaddi
Unnecessarily expensive and cheap stuff for more price. Not recommended,Khaddi
Famous among teenagers and female clients,Khaddi
A little collection the shop has. It must expand.,Khaddi
Good quality and most likely cloth and design,Khaddi
"Good store, outdated and expensive clothes",Khaddi
Nice range of stitched and unstitched clothes.,Khaddi
"Good cloths for men, women and kids",Khaddi
All of things excelent,Khaddi
Khaadi is a nice outlet for its branded clothes.,Khaddi
A nice and contemporary outlet of Khaadi,Khaddi
Place worthy visit.,Khaddi
a good shop for brand lovers,Khaddi
Great place for getting clothes,Khaddi
Good brand for shoping,Khaddi
A good shop for brand lovers,Khaddi
Khadi brand is best for shopping,Khaddi
A good clothing brand,Khaddi
Good at sale,Khaddi
Good,Khaddi
Good,Khaddi
Nothing,Khaddi
Price is hogher,Khaddi
needs more stuff,Khaddi
Best shop for best dress,Khaddi
Nice place for shopping,Khaddi
Expensive,Khaddi
Love,Khaddi
Nice collection,Khaddi
Good place,Khaddi
Much expensive,Khaddi
"Nice staff, good stuff",Khaddi
Taxes are very high,Khaddi
Awesome,Khaddi
Good place to shop,Khaddi
Its ok,Khaddi
Good place,Khaddi
Nice place,Khaddi
Good for clothing,Khaddi
Economical.,Khaddi
Mostly collection for ladies,Khaddi
Grand,Khaddi
Trendy,Khaddi
Nothing to say,Khaddi
Outstanding,Khaddi
Good shopping,Khaddi
Clothing market' brands' expensive,Khaddi
Nice place...,Khaddi
Good environment,Khaddi
Good,Khaddi
The new khaadi store in town the design of store is awesome ?? the iconic design of the building in Bahawalpur overall ambiance is good for shopping ?? of unique design of fabric.,Khaddi
"One of the best design brand in Ready to wear clothes, staff is very supportive and professional. Best of all, they wear mask and ask customers to wear too! Kids variety is not available,  for that go to DC office branch.",Limelight
Good quality stuff is available here in this store price are also reasonable rather than other clothing stores in bwp,Limelight
Goods are fresh. Good staff,Limelight
average normal variety ..not maximum range they hav..,Limelight
My favourite place to buy ready to wear clothes.,Limelight
Ladies brand store in bahawalpur near to welcome chowk... Good variety & affordable prices.. road access is clean and spacious.,Limelight
Cheap and quality products available here,Limelight
"Nice Decor , Nice Staff, very Organised ,",Limelight
Price quality and service matching,Limelight
It's a Good place,Limelight
Nice ladies clothing collection for ladies,Limelight
Economical and stylish,Limelight
Very good place,Limelight
Good for shopping,Limelight
Because I love this brand... And all the stock of this brand good,Limelight
Nice place for ahoping,Limelight
Very good staff,Limelight
Nice branded shop,Limelight
Very nice collection and even nicer staff and customer service. Very pleased with the people here.,Limelight
Not so good,Limelight
Nice place for shopping,Limelight
Amazing,Limelight
Once again. Great experience. Good atmosphere and positive attitude of salesmen. Thumbs up,Limelight
Good clothes retailer. Polite salesmen.,Limelight
Good prints. Customer service is very good,Limelight
Good best ever dresses latest fashion,Limelight
Great,Limelight
Good suiting,Limelight
A good place for quality cloths with reasonable price.,Limelight
Clothing store,Limelight
Has Something to get 5 stars,Limelight
so so quality metirial available,Limelight
Small shop size,Limelight
Very nice place for stich & unstich wearing must bh visited,Limelight
Good stuff for my best half,Limelight
Good place for ladies stitch cloths.,Limelight
They should increase their stock,Limelight
Nice designes for females and economicsl prices.,Limelight
Good place for designer cloths shopping,Limelight
Nice,Limelight
Nice,Limelight
It is the good brand in bahawalpur for clothes....,Limelight
Good,Limelight
Nice place for women clothes,Limelight
It's good,Limelight
best collection.,Limelight
Nice combinational dresses with jewellery,Limelight
Best clothes in Town,Limelight
Affordable clothing,Limelight
Expensive,Limelight
Great collection,Limelight
Very good ,Limelight
Great,Limelight
Nice stuff good price,Limelight
Good female dresses but not so good,Limelight
It is wonderful brand,Limelight
Good,Limelight
Nice brand,Limelight
Nice staff good center,Limelight
Nice but costly.,Limelight
Clothe brand with fixed prices,Limelight
Trendy women clothing store,Limelight
My favourite place,Limelight
Wel Done,Limelight
Lovely dresses,Limelight
Exclusive store for women clothing.,Limelight
V.good,Limelight
good,Limelight
Excellent,Limelight
Best,Limelight
Low quality,Limelight
It was Fantastic,Limelight
Average,Limelight
Prices r so high,Limelight
Female dresses,Limelight
Lots of variety,Limelight
good one,Limelight
Good shop,Limelight
Very good,Limelight
Ladies Shopping,Limelight
Nice one ,Limelight
Just ok,Limelight
Popular for ready clothes,Limelight
Awesome quality and collection,nishatlinen
Best quality fabric and design,nishatlinen
"Very non cooperative staff .
I go there just on the name of Nishat",nishatlinen
Nice place to take clothes and house stuff bedsheets stallers n much more.,nishatlinen
Good store,nishatlinen
Nice store for shopping,nishatlinen
Good place to empty pocket,nishatlinen
"Like always, great experience with warm welcome, best customer service and even better products. Love to visit this place.",nishatlinen
Good place to visit,nishatlinen
Nice place.,nishatlinen
Good,nishatlinen
One of my favourite  outlet ... just loved it â¤,nishatlinen
Awesome verity of clothes,nishatlinen
Not to much excited about prints and designes but   stiff and fabric nodoubt of good quality,nishatlinen
Nice place for ladies garment shoping,nishatlinen
A premium shopping place for fabrics,nishatlinen
Having always a good experience whenever we visit this place for shoping.,nishatlinen
An awesome well organised place to be in,nishatlinen
Less verity then the outlets in Lahore,nishatlinen
A one place for shopping,nishatlinen
Good,nishatlinen
Nice,nishatlinen
Nice collection,nishatlinen
Good,nishatlinen
Fine store,nishatlinen
Good Service,nishatlinen
Expensive but amazing quality,nishatlinen
Excellent vendor,nishatlinen
Brand clothe store with fixed prices.,nishatlinen
Nice place to visit,nishatlinen
Good,nishatlinen
Expensive but good,nishatlinen
Nishat Linen Bahawalpur is good store,nishatlinen
Great,nishatlinen
Royal,nishatlinen
Nice,nishatlinen
Wonderful,nishatlinen
Wonderful,nishatlinen
Good,nishatlinen
nice,nishatlinen
V good,nishatlinen
Good variety of all types of clothes under fair prices,one
Reasonable pricing.,one
Amazing customer services. Very humble staff,one
Great Experience.. Quality Stuff,one
For shoping,one
Good,one
"Nice brand, on low price, good quality",one
Good place to shop,one
Shopping Brand,one
Rates are high as compared to quality,one
Very good quality western clothing in affordable prices,one
Shopping fare,one
Good stuff price high,one
"I absolutely love them.  I was still genuinely surprised at the quality of the material as soon as I opened the package. The material has some weight to it - doesn't feel cheap, thin or flimsy at all, and is soft to the touch. Be warned â€¦",Outfitters
"I love it
Always shop here",Outfitters
I buy baby clothes ..good collection,Outfitters
Best place for shopping here you can buy each and every thing for yourself.,Outfitters
Good products and nice staff,Outfitters
Service was perfect. Quality and price were affordable and the summer sale was above all.,Outfitters
Always loved their stuff.,Outfitters
Loved their new winter collection,Outfitters
Its a good branch dealing of the staff is OK and and stock is also reasonable maintained then the other branches,Outfitters
"Very Organised, Clean , Supportive Staff ,",Outfitters
"Outfitters store has not a full range of items. Just has average collection. Trendy stuff for gents , ladies and kids. New styles are also displayed by the staff but these designs and styles are not so good to be purchased. Footware â€¦",Outfitters
Better outlet.,Outfitters
Outfitters is great but expensive. They should have more options too!!,Outfitters
Nice bought something today will give it a try ...... Then will add review again ðŸ˜‹ðŸ˜‡,Outfitters
I love its shoes...,Outfitters
Always my favourite,Outfitters
Had Nice stock,Outfitters
Zero star . They are disgraceful selling bad and olddated stuff. Torn clothes in most of the branches,Outfitters
Good brand,Outfitters
Good quality of products. Good service and shop,Outfitters
"Shopping Centre
Not a Vast variety here
Casual dresses are more
Watches are available at sensible prize",Outfitters
Best baby collections,Outfitters
Its ok,Outfitters
Amazing kid's range.,Outfitters
Nice brands and nice dezine...outclass,Outfitters
Best one,Outfitters
It is one of the best clothig brand of a ages,Outfitters
Very peaceful and nice place,Outfitters
I bought a baby shoe and the size was smaller than my kid size. I asked that plz confirm it from your other outlet which is placed in Haqi center and after confirmation they said large size of that article is not available at that outlet while i visit the Haqi center just after half an hour the large size of same article was available there. They are deceiving the customers,Outfitters
Not much variety but Moderate prices,Outfitters
Good stuff as compared to other brands but sizes issue always specially shoes.,Outfitters
Good place for all kind of clothes,Outfitters
Reasonable clothing with prices in your reach,Outfitters
Expensive Garments,Outfitters
Nice,Outfitters
Awesome place for shopping,Outfitters
Nice place.,Outfitters
Upto 50% sale currently . Nice collection casaual and formal as well . Must visit,Outfitters
Very good.  Wow.,Outfitters
They don't have updated stock there. And the sales boy was rude and not helpful at all.,Outfitters
Good quality of products,Outfitters
Good shop,Outfitters
Stuff is not good but stitching is mond blowing. Most of shirts' color fade away in sunlight beware.,Outfitters
Nice brand for bwp,Outfitters
Good at sale,Outfitters
Various variety for casual lovers,Outfitters
Complete range same like lhr and Karachi stores ....,Outfitters
Bit expensive as per quality,Outfitters
Awsome,Outfitters
Nice branding hear,Outfitters
Best quality but too expensive,Outfitters
Clothing store,Outfitters
so so,Outfitters
Not too much variety,Outfitters
stock of variety not available,Outfitters
Try room mostly closed,Outfitters
Nice Brand,Outfitters
Variety of wearables,Outfitters
Good collection,Outfitters
Nice brand,Outfitters
Shortage of variety..,Outfitters
Awesomely,Outfitters
waste,Outfitters
Excellent,Outfitters
Loved it,Outfitters
Good collection,Outfitters
"it,s a good clothing  brand.",Outfitters
"Good clothes, excellent environment. Staff behaviour is very good. Location of the outlet is best with fair parking space. Since day 1 they have been treating their customers well.",Sapphire
this shop is situated in dubai chowk bahawal pur infront of go petrol pump opposite side,Sapphire
It is sphaire clothing brand flagship shop in Bahawalpur,Sapphire
It's my favorite clothing brand so far but clothes go out of stock very fast and restock bhi nai hoty,Sapphire
Compact and at prime location of The City.,Sapphire
Good place for family shopping ,Sapphire
Great place! They recently had sale 50 percent of!! Enjoyable for women who are interested in clothes but it is quite expensive!,Sapphire
They have very nice products . Provide best quality products.,Sapphire
"Good place,
I visited this shop Sapphire Cloth and i got a good service here. The quality of Things of this shop is very good. The quailty of Cloths of this shop is great.
Nice place
I suggest you to go there and enjoy.
Love this place.
Thank you.
Have a nice day Friends",Sapphire
Too expensive for me,Sapphire
Good customer service,Sapphire
Winter collection and female perfumes are good,Sapphire
Neat clean,Sapphire
I personally don't recommend this place .,Sapphire
My experience was very good. I always appreciate its vibrant colours and unique designs,Sapphire
The best place for ladies or kids shopping,Sapphire
Best place to eat,Sapphire
It's ok,Sapphire
Best place where u find clothes and food also the lodging service..,Sapphire
Best ground for sports.,Sapphire
Little expensive but high quality,Sapphire
Good,Sapphire
Rushed point,Sapphire
Awesome place for shopping,Sapphire
Never go there. But ok,Sapphire
Parking is a big issue here,Sapphire
Always good stuff,Sapphire
"A good shopping mall..
Lov to did shopping.",Sapphire
Good outlet in Bwp,Sapphire
Nice for shopping but rates are higher than market,Sapphire
the one and only brand u can trust,Sapphire
Its good place but spend mony too much,Sapphire
Batter clothes,Sapphire
it is branded clothes shoping maal and hotel,Sapphire
Nice,Sapphire
Good,Sapphire
Good,Sapphire
It is on main road and the staff was very helpful,Sapphire
Nice place,Sapphire
"I actually love this place. Their prints and stuff is outstanding. They are different from others like, NL, And warda, they seems tooo typical specially in Bahawalpur. But the Sapphire is better than the other too. most important thing is they offer a whole cool stuff on sales too.. Jewelry section and goggles are my weakness. ðŸ’â¤ï¸",Sapphire
"Very cooperative staff.
Need to work on return/change policy",Sapphire
"The Poor quality of services, in sale days they throw clothes like before dogs, inhuman attitude also owner enjoys snatching between women as promote such vulgar services. They also record videos of customers in cctv and enjoy.",Sapphire
yes   u must visit sapphire when they put sale,Sapphire
Very expensive clothes. Not a good place for middle class persons.,Sapphire
"Well managed
New arrivals
Fresh designed dresses",Sapphire
Really good,Sapphire
Nice environment. Great styles and choices. Unique,Sapphire
Very good,Sapphire
"Flagship Sapphire Clothing outlet.
Easily accessible, ambiant and cozy, this place is by far posh than other stores in their line up",Sapphire
"Awesome summer collection, but they need restocking of some out of stock good stuff",Sapphire
Amazing management,Sapphire
Very helpful staff especially Hammad. Highly recommend,Sapphire
Pizza of better quality offers new deals relatively better place,Sapphire
A great brand under a great roof,Sapphire
Descent market,Sapphire
A good shopping place but comparatively lesser variety,Sapphire
Great shopping mall.,Sapphire
"You can buy stitched clothes mans,womens and kids",Sapphire
Well behaved staff...,Sapphire
sapphire is very good shop fpr cloths,Sapphire
The clothes are very expencieve here,Sapphire
"Sapphire colth avenue mall.
is the best shopping mall.",Sapphire
Nice bright location with easy access and free parking,Sapphire
With avarage range awsome cloths for gantes and ðŸšº,Sapphire
Pathetic discipline. ..worse management...they should nor offer sale of they cannot manage the crowd. . Plus the stock was put with in 5 min.. no backup plan... worse experience. ...I hate it..,Sapphire
Best point in bahawalpur,Sapphire
"Clothes quality awesome,",Sapphire
Store was close at 4p.m with out any  information. We r from multan. We have visited outlet at 4p.m but there was no entry for customers. Staff behaviour was very rude to us.so we advised to everyone not to ever visit  Bahawlpur outlet.whynot  u open your outlet in Multan.,Sapphire
Good,Sapphire
Big outlet with good parking space,Sapphire
Nice collection but some times old one,Sapphire
Nice,Sapphire
nice,Sapphire
Good collection of ladies clothes,Sapphire
Favorite brand for clothing ,Sapphire
Your are the boss in town.,Sapphire
Good,Sapphire
Must visit,Sapphire
Nice,Sapphire
Best ladies clothing in town,Sapphire
I amloving it.,Sapphire
You can trust,Sapphire
Best cloths,Sapphire
Good one,Sapphire
Beautiful shopping mall,Sapphire
Nice place,Sapphire
Fashion,Sapphire
Good place,Sapphire
Shopping & Eating,Sapphire
Best cloth store in BahawalPur,Sapphire
Too costly,Sapphire
Nice,Sapphire
Good place for shopping,Sapphire
Nice place,Sapphire
For branded clothes shopping,Sapphire
Good place,Sapphire
Best stuff,Sapphire
Expensive but good clothong,Sapphire
Beautiful shopping experience,Sapphire
Tooo good,Sapphire
GOOD,Sapphire
Great mall,Sapphire
Nyc,Sapphire
Nice,Sapphire
Big stores and poor Parking,Sapphire
good,Sapphire
Rude manager,Sapphire
Good,Sapphire
Lovely,Sapphire
Great,Sapphire
Experience,Sapphire
wow,Sapphire
Branded,Sapphire
ladies shopping,Sapphire
Brand,Sapphire
Clothes House,Sapphire
Good,Sapphire
Like,Sapphire
great,Sapphire
Good,Sapphire
Too costly,Sapphire
Very very costly,Sapphire
Extraordinary shopping,Sapphire
Good place,Sapphire
Average place,Sapphire
Just ok,Sapphire
Nice,Sapphire
Best clothing,Sapphire
A costly cloths shop,Sapphire
Good clothing outlet for females.,Sapphire
Good place,Sapphire
Good place to shop,Sapphire
Compatible price,Sapphire
Ok variety but expensive,Sapphire
Satisfied,Sapphire
Nice,Sapphire
Good clothes,Sapphire
Good shop,Sapphire
Average variety available here.,Sapphire
Awesome,Sapphire
Very poor services,Sapphire
Superb variety and elegant designs.,Sapphire
nice place,Sapphire
Good place for buy clothes,Sapphire
Very good environment,Sapphire
Nice store,Sapphire
Best,Sapphire
Good,Sapphire
Nice place,Sapphire
The manager of the outlet is a useless person. He is busy in petty matters 'look busy doing nothing' telling everyone that company is not providing staff. There are two counters and two individuals are dealing having long ques during sell. â€¦,Sapphire
costly but having good stuff.,Sapphire
Loved it,Sapphire
Good stuff with nice quality of stiching but need improvement of caller color and quality,Uniworth
Nice collection of Men clothing,Uniworth
"The worst place to buy garments. I bought two trousers from Bahawalpur, tried one since both were of same size. However, later on found that the one I didn't try had smaller waist. I took both trousers back to the store, the salesman â€¦",Uniworth
"Good place,
I visited this shop and i got a good service here. The quality of Things of this shop is very good. The quailty of Dresses of this shop is great.
Nice place
I suggest you to go there and enjoy.
Love this place.
Thank you.
Have a nice day Friends",Uniworth
The staff was very cooperative and polite. There is a wide range of clothing available here. They also stitch suites on order ( which takes around 25 days). Alteration of clothes are available as well. ðŸ™‚,Uniworth
Uniworth Black is recommended. Super fine quality and stiching,Uniworth
"A franchise of most famous brand shirt and tie. A quality dress shirt, pants and soots available",Uniworth
my experience for formal dressing was great with them but this brand disappointed with their service on defective fabric claim. I went through a worst customer service experience with them. my trouser faded just like hell within 2 home â€¦,Uniworth
Fine Men's wear,Uniworth
I love it,Uniworth
I love this place really,Uniworth
Alteration service was a little slow,Uniworth
No need.,Uniworth
There is a reasonable shirts and every thing,Uniworth
"Awsome services and quality, but expensive.",Uniworth
Best brand,Uniworth
Best place for formal suiting.,Uniworth
ðŸ‘,Uniworth
Great shopping place,Uniworth
Normal price range outlet,Uniworth
My favorite brand,Uniworth
Good brand but no New collection,Uniworth
Loved it,Uniworth
Good place,Uniworth
They are famous for their formal wear men collection.,Uniworth
A name for quality.,Uniworth
Nice brand,Uniworth
Good,Uniworth
Nice place for dress.,Uniworth
Good place for office dresses and court pant,Uniworth
Quality,Uniworth
Brads shop,Uniworth
A Verity of  brands,Uniworth
Classy,Uniworth
Quality stuff,Uniworth
Nice dresses,Uniworth
Good clothing,Uniworth
Good,Uniworth
wow,Uniworth
Good,Uniworth
Awesome,Uniworth
A good shop for shirt and ties,Uniworth
This is A garments store avail jeans shirts pants.,Uniworth
